,sample,time_diff,RMSE
0,sample_6_rmse_in_time,2,0.2469785782878153
1,sample_6_rmse_in_time,4,0.6806050897855065
2,sample_6_rmse_in_time,6,0.06472975461487267
3,sample_6_rmse_in_time,8,0.18664793320987574
4,sample_6_rmse_in_time,2,1.334187078129852
5,sample_6_rmse_in_time,4,0.11940440171675568
6,sample_6_rmse_in_time,6,0.0018853326586856217
7,sample_6_rmse_in_time,2,0.5568015785318177
8,sample_6_rmse_in_time,4,0.6158753351706334
9,sample_6_rmse_in_time,2,0.1212897343754411
