,sample,time_diff,RMSE
0,sample_3_rmse_in_time,2,0.023880880343351132
1,sample_3_rmse_in_time,4,0.0854684138604145
2,sample_3_rmse_in_time,6,0.21304259043147414
3,sample_3_rmse_in_time,8,0.07855552744523384
4,sample_3_rmse_in_time,2,0.07792708322567202
5,sample_3_rmse_in_time,4,0.23692347077482534
6,sample_3_rmse_in_time,6,0.10243640778858511
7,sample_3_rmse_in_time,2,0.12694573235149773
8,sample_3_rmse_in_time,4,0.024509324562913146
9,sample_3_rmse_in_time,2,0.13448706298624033
