,sample,time_diff,RMSE
0,sample_2_rmse_in_time,2,0.01445421704992309
1,sample_2_rmse_in_time,4,0.0917528560560333
2,sample_2_rmse_in_time,6,0.016967993928170604
3,sample_2_rmse_in_time,8,0.001256888439123749
4,sample_2_rmse_in_time,2,0.10620707310595634
5,sample_2_rmse_in_time,4,0.03142221097809373
6,sample_2_rmse_in_time,6,0.012568884391237451
7,sample_2_rmse_in_time,2,0.07478486212786262
8,sample_2_rmse_in_time,4,0.09300974449515693
9,sample_2_rmse_in_time,2,0.01822488236729433
