Unnamed: 0,sample,time_diff,RMSE
0,sample_1_rmse_in_time,2,0.0062844421956187
1,sample_1_rmse_in_time,4,0.0201102150259799
2,sample_1_rmse_in_time,6,0.0603306450779395
3,sample_1_rmse_in_time,8,0.0333075436367792
4,sample_1_rmse_in_time,2,0.0263946572215986
5,sample_1_rmse_in_time,4,0.0037706653173712
6,sample_1_rmse_in_time,6,0.0854684138604144
7,sample_1_rmse_in_time,2,0.0226239919042274
8,sample_1_rmse_in_time,4,0.0496470933453876
9,sample_1_rmse_in_time,2,0.0043991095369331
0,sample_2_rmse_in_time,2,0.0087982190738662
1,sample_2_rmse_in_time,4,0.0685004199322438
2,sample_2_rmse_in_time,6,0.0175964381477324
3,sample_2_rmse_in_time,8,0.0477617606867021
4,sample_2_rmse_in_time,2,0.0597022008583776
5,sample_2_rmse_in_time,4,0.0050275537564949
6,sample_2_rmse_in_time,6,0.038963541612836
7,sample_2_rmse_in_time,2,0.0395919858323978
8,sample_2_rmse_in_time,4,0.0106835517325518
9,sample_2_rmse_in_time,2,0.0603306450779394
0,sample_3_rmse_in_time,2,0.0006284442195619
1,sample_3_rmse_in_time,4,0.0075413306347424
2,sample_3_rmse_in_time,6,0.0301653225389698
3,sample_3_rmse_in_time,8,0.0075413306347424
4,sample_3_rmse_in_time,2,0.0069128864151805
5,sample_3_rmse_in_time,4,0.0006284442195618
6,sample_3_rmse_in_time,6,0.0069128864151806
7,sample_3_rmse_in_time,2,0.0062844421956187
8,sample_3_rmse_in_time,4,2.5585307745833813e-16
9,sample_3_rmse_in_time,2,0.0377066531737124
0,sample_4_rmse_in_time,2,0.0351928762954649
1,sample_4_rmse_in_time,4,0.0
2,sample_4_rmse_in_time,6,0.0050275537564949
3,sample_4_rmse_in_time,8,0.0710141968104914
4,sample_4_rmse_in_time,2,0.0351928762954648
5,sample_4_rmse_in_time,4,0.0301653225389698
6,sample_4_rmse_in_time,6,0.0358213205150267
7,sample_4_rmse_in_time,2,0.0263946572215985
8,sample_4_rmse_in_time,4,0.1018079635690231
9,sample_4_rmse_in_time,2,0.0345644320759031
