,sample,time_diff,RMSE
0,sample_5_rmse_in_time,2,0.015082661269485003
1,sample_5_rmse_in_time,4,0.003142221097809369
2,sample_5_rmse_in_time,6,0.01005510751298998
3,sample_5_rmse_in_time,8,0.01068355173255184
4,sample_5_rmse_in_time,2,0.018224882367294318
5,sample_5_rmse_in_time,4,0.005027553756494987
6,sample_5_rmse_in_time,6,0.00565599797605689
7,sample_5_rmse_in_time,2,0.013197328610799357
8,sample_5_rmse_in_time,4,0.007541330634742483
9,sample_5_rmse_in_time,2,0.02073865924554171
