,sample,time_diff,RMSE
0,sample_2_rmse_in_time,2,0.011311995952113718
1,sample_2_rmse_in_time,4,0.021995547684665457
2,sample_2_rmse_in_time,6,0.0006284442195618742
3,sample_2_rmse_in_time,8,0.030165322538969808
4,sample_2_rmse_in_time,2,0.010055107512989974
5,sample_2_rmse_in_time,4,0.010683551732551835
6,sample_2_rmse_in_time,6,0.018853326586856196
7,sample_2_rmse_in_time,2,0.02136710346510374
8,sample_2_rmse_in_time,4,0.008169774854304356
9,sample_2_rmse_in_time,2,0.029536878319407937
