Unnamed: 0,sample,time_diff,RMSE
0,sample_1_rmse_in_time,2,0.0169679939281705
1,sample_1_rmse_in_time,4,0.0402204300519599
2,sample_1_rmse_in_time,6,0.0069128864151805
3,sample_1_rmse_in_time,8,0.019481770806418
4,sample_1_rmse_in_time,2,0.0232524361237893
5,sample_1_rmse_in_time,4,0.0100551075129899
6,sample_1_rmse_in_time,6,0.0031422210978093
7,sample_1_rmse_in_time,2,0.0333075436367792
8,sample_1_rmse_in_time,4,0.0201102150259799
9,sample_1_rmse_in_time,2,0.0131973286107993
0,sample_2_rmse_in_time,2,0.0716426410300532
1,sample_2_rmse_in_time,4,1.4561052567248551
2,sample_2_rmse_in_time,6,1.1412547027243578
3,sample_2_rmse_in_time,8,0.0025137768782474
4,sample_2_rmse_in_time,2,1.1412547027243578
5,sample_2_rmse_in_time,4,1.1173738223810066
6,sample_2_rmse_in_time,6,0.0377066531737123
7,sample_2_rmse_in_time,2,0.0251377687824748
8,sample_2_rmse_in_time,4,1.431595932161942
9,sample_2_rmse_in_time,2,1.3121915304451868
0,sample_3_rmse_in_time,2,0.0666150872735582
1,sample_3_rmse_in_time,4,0.0062844421956187
2,sample_3_rmse_in_time,6,0.0345644320759029
3,sample_3_rmse_in_time,8,0.0282799898802843
4,sample_3_rmse_in_time,2,0.0603306450779395
5,sample_3_rmse_in_time,4,0.0314222109780937
6,sample_3_rmse_in_time,6,0.0634728661757488
7,sample_3_rmse_in_time,2,0.0282799898802842
8,sample_3_rmse_in_time,4,0.0345644320759031
9,sample_3_rmse_in_time,2,0.0320506551976556
0,sample_4_rmse_in_time,2,0.0119404401716756
1,sample_4_rmse_in_time,4,0.0590737566388158
2,sample_4_rmse_in_time,6,0.0816977485430432
3,sample_4_rmse_in_time,8,0.0741564179083007
4,sample_4_rmse_in_time,2,0.0710141968104913
5,sample_4_rmse_in_time,4,0.0622159777366251
6,sample_4_rmse_in_time,6,0.0622159777366251
7,sample_4_rmse_in_time,2,0.0226239919042273
8,sample_4_rmse_in_time,4,0.023880880343351
9,sample_4_rmse_in_time,2,0.1275741765710598
